c.name,Corrupt/non-corrupt,c.betweenness,c.approxBetweenness,c.closeness,c.pagerank,c.clusteringCoefficient,c.harmonic,c.degree,c.trianglesCount
"""A.B.J.Z DRIVER HIRE "" LTD",0,15,63.55723098,1,3.175309637,0,0.001941748,6,0
1221 LTD,0,15,63.55723098,1,3.175309637,0,0.001941748,6,0
AARTOFT LIMITED,0,21,127.114462,1,3.616960675,0,0.002265372,7,0
ABBERTON CONSULTANTS LIMITED,1,7194.382362,33761.35887,0.157606998,3.289190947,0.227272727,0.056654163,12,15
ADAM MOORE LIMITED,0,6,50.84578478,1,2.292007493,0,0.001294498,4,0
ADTONES LTD,0,55,169.4859493,1,5.383562947,0,0.003559871,11,0
AFRICAN PLATINUM LIMITED,1,1197,6012.514051,0.464968153,8.279669592,0,0.013403452,20,0
ALENTER TRADING LIMITED,1,23567.38454,99097.2583,0.282633053,3.620707432,0.457894737,0.101128448,20,87
ALGERNA INVESTMENT LIMITED,1,3021,19003.61206,0.249443758,1.483634793,0,0.085810217,4,0
ALI HUSSAIN LTD,0,3,8.474297464,1,1.850356449,0,0.000970874,3,0
ALPS VENTURES LIMITED,1,6033,25194.08636,0.191570154,3.022674623,0,0.068899933,7,0
ALTERFOX LIMITED,1,4284.006081,13772.80964,0.2854314,2.852078423,0.393939394,0.104730698,12,26
AMETHYST BES LIMITED,0,3,8.474297464,1,1.850356449,0,0.000970874,3,0
AMOUAGE EUROPE LIMITED,1,8321.504545,35384.85278,0.282553906,3.996293973,0.075757576,0.1030047,12,5
ANCUS INVESTMENT CO. LTD,0,15,63.55723098,1,3.175309637,0,0.001941748,6,0
ANGRYESPRESSO LTD,0,6,12.7114462,1,2.292007493,0,0.001294498,4,0
ANNA SHUMILOVA LIMITED,0,42.08452381,153.2536343,0.65625,2.153037374,0.511111111,0.005016181,10,23
ANS CLIENT SOLUTIONS LIMITED,0,10,33.89718986,1,2.733658578,0,0.001618123,5,0
ANZEN LIMITED,0,45,190.6716929,1,4.941912148,0,0.003236246,10,0
APOLLO CAPITAL INVEST LTD,1,5030,23151.78067,0.204499392,2.493594564,0,0.070782863,6,0
AQVENOR LTD.,1,129.1783094,487.9816745,0.4,2.037259471,0.266666667,0.007659115,6,4
ARCADE MANAGEMENT LIMITED,1,7035,27257.57779,0.282001118,3.378962591,0,0.102195639,8,0
ARCON CONSULTING LTD,1,4026,21067.1035,0.281529018,2.067964313,0,0.10154839,5,0
ARDON LIMITED,1,7035,14563.08019,0.282001118,3.378962591,0,0.102195639,8,0
ARMITAGE - WINTER LIMITED,0,36,67.79437971,1,4.500262794,0,0.002912621,9,0
ARNEL ESTIBAL LIMITED,0,6,25.42289239,1,2.292007493,0,0.001294498,4,0
ARRELL TRADING LIMITED,1,4026,21084.05209,0.191424777,2.143000967,0,0.068468434,5,0
ARTEGA TRADE LIMITED,1,4026,12575.85744,0.281529018,2.067964313,0,0.10154839,5,0
ASGARD LIMITED,0,21,76.26867718,1,3.616960675,0,0.002265372,7,0
ASHLAND SPECIALTIES UK LIMITED,1,11027,43968.89239,0.282633053,3.706183494,0.054545455,0.102923794,11,3
ASTUTE PARTNERS LTD,1,114.5059524,365.0000979,0.564102564,3.666896798,0.145454545,0.005016181,11,8
AURI MONTES LTD.,1,10284.73529,51952.53852,0.253645048,5.026415507,0.076190476,0.089731469,15,8
AVERDO PROPERTY MANAGEMENT LIMITED,1,45,76.26867718,1,4.941912148,0,0.003236246,10,0
AVONTON LIMITED,1,4026,12575.85744,0.281529018,2.067964313,0,0.10154839,5,0
B2B COMPANY SECRETARY LIMITED,1,7035,27257.57779,0.220401922,3.256603551,0,0.077943828,8,0
BAE SYSTEMS (FARNBOROUGH 7) LIMITED,1,51,93.2172721,0.923076923,3.018346034,0.181818182,0.003721683,11,10
BALMORE INVEST LIMITED,1,5485.611823,19178.63959,0.324541653,4.380221954,0.498461538,0.116185082,26,162
BENDALL METALS LTD,0,15,63.55723098,1,3.175309637,0,0.001941748,6,0
BERGHER LIMITED,1,17727.80352,71341.88904,0.323708694,3.297575761,0.596491228,0.114286485,19,102
BIZZBOT LTD,0,6,25.42289239,1,2.292007493,0,0.001294498,4,0
BLACK AND WATSON LTD,0,6,12.7114462,1,2.292007493,0,0.001294498,4,0
BLACKHALL TRADING LIMITED,1,4026,12575.85744,0.281529018,2.067964313,0,0.10154839,5,0
BLANCA FLOR UK LTD.,1,6,12.7114462,1,2.292007493,0,0.001294498,4,0
BLU3 (HOLDINGS) LIMITED,0,134,398.2919808,0.894736842,7.018429637,0,0.005177994,15,0
BLYTHE (EUROPE) LIMITED,1,43.99702381,82.32174679,0.511627907,2.195495907,0.380952381,0.004368932,7,8
BONARDA INVESTMENTS LIMITED,1,66,326.2604524,1,5.825213754,0,0.003883495,12,0
BRIDESTONES ASSOCIATES LIMITED,0,36,169.4859493,1,4.500262794,0,0.002912621,9,0
BSB EQUIPMENT LTD,0,3,16.94859493,1,1.850356449,0,0.000970874,3,0
BUSINESS BANK ITALY LTD,1,897,3313.450308,0.539325843,12.23264389,0,0.011057174,27,0
BUZZDRIVE LTD,1,6033,33685.33242,0.20458232,2.93050654,0,0.070998613,7,0
CAFE EQUATOR LIMITED,0,6,25.42289239,1,2.292007493,0,0.001294498,4,0
CALDON HOLDINGS LIMITED,1,11022.5,43947.70665,0.283586284,5.40593185,0.032967033,0.103921637,14,3
CALMVIEW SERVICES LIMITED,1,4785.7,21890.24026,0.157557776,2.851434781,0.222222222,0.056330538,10,10
CARGO VENTURES LIMITED,1,12146.67968,58781.24208,0.300745156,3.038476774,0.035714286,0.105769764,8,1
CARMONDEAN DEVELOPMENT LTD,1,5030,23130.59493,0.220209515,2.389208329,0,0.077512329,6,0
CARTRIDGE XL LTD,0,6,50.84578478,1,2.292007493,0,0.001294498,4,0
CASINO CONCEPTS LIMITED,1,6,38.13433859,1,2.292007493,0,0.001294498,4,0
CCMA SERVICES LIMITED,0,45,152.5373544,1,4.941912148,0,0.003236246,10,0
CELCORP LIMITED,0,152,644.0466073,1,8.068528484,0.006535948,0.005825243,18,1
CENTRAL AFRICAN GOLD LIMITED,1,1032,5355.755997,0.467948718,6.165628134,0.083003953,0.013781014,23,21
CENTUNA LIMITED,0,10,50.84578478,1,2.733658578,0,0.001618123,5,0
CHASE JOINERY SOLUTIONS LTD,0,10,33.89718986,1,2.733658578,0,0.001618123,5,0
CIBYN JOINERY LIMITED,0,6,12.7114462,1,2.292007493,0,0.001294498,4,0
CLAIMS 24/7 LTD,0,6,25.42289239,1,2.292007493,0,0.001294498,4,0
CLAIRE HARRISON LIMITED,0,6,50.84578478,1,2.292007493,0,0.001294498,4,0
CLAMOSA LIMITED,1,6033,25219.50925,0.191570154,3.022674623,0,0.068899933,7,0
CLASSIC SECURITY SERVICES LTD,0,10,50.84578478,1,2.733658578,0,0.001618123,5,0
CLIFF PROJECT SOLUTIONS LTD,0,6,38.13433859,1,2.292007493,0,0.001294498,4,0
CLIMBFREE SOLUTIONS LIMITED,1,8362.333333,35608.99794,0.192557252,4.327246723,0.075757576,0.070577387,12,5
CLS 2018 LIMITED,0,36,135.5887594,1,4.500262794,0,0.002912621,9,0
CNC CONSULTING LIMITED,0,3021.416667,10486.94311,0.161079183,2.22005792,0.133333333,0.056792813,6,2
COFA LTD.,0,10,33.89718986,1,2.733658578,0,0.001618123,5,0
COFLUX SERVICES LIMITED,0,80,266.9403701,0.72,4.057481118,0.090909091,0.004692557,11,5
COMPARE ANY CAR LTD,0,6,0,1,2.292007493,0,0.001294498,4,0
CONQUEST PRECISION LIMITED,0,45.5,203.3831391,0.75,3.367589605,0.071428571,0.003236246,8,2
COOL WATER ENTERPRISES LIMITED,0,36,135.5887594,1,4.500262794,0,0.002912621,9,0
CORP DIRECTORS LIMITED,1,200.25,747.8567512,0.36,1.960968782,0.2,0.010248112,5,2
CORP SECRETARIES LIMITED,1,192.75,739.3824537,0.36,1.960968782,0.2,0.010248112,5,2
CORPTECH TRADING LTD,1,7035,35770.0096,0.282001118,3.378962591,0,0.102195639,8,0
CRAFTED & DISTILLED LIMITED,0,10,16.94859493,1,2.733658578,0,0.001618123,5,0
CREDOTRANSIT LIMITED,1,9045.905873,42805.87562,0.309699202,5.309851754,0.394179894,0.11379026,28,149
CS GLOBAL (EUROPE) LTD,1,111,419.4777245,0.458333333,3.045991596,0,0.004099245,7,0
CULLINANE CONSTRUCTION LIMITED,0,5,42.37148732,1,1.864756895,0.166666667,0.001294498,4,1
CYBER INTELLIGENCE AND AVIATION SERVICES LTD,0,6,25.42289239,1,2.292007493,0,0.001294498,4,0
D. TOPPING FABS LIMITED,0,3,8.474297464,1,1.850356449,0,0.000970874,3,0
DANIELL INVEST LTD,1,3688.333333,16130.82522,0.220305677,2.023571107,0.133333333,0.077620203,6,2
DANTECH FASTENERS LIMITED,0,45,228.8060315,1,4.941912148,0,0.003236246,10,0
DARREL TRADE LTD,1,2142.200762,4947.259162,0.282633053,1.972064672,0.5,0.102627138,8,14
DB LEISURE LIMITED,0,21,152.5373544,1,3.616960675,0,0.002265372,7,0
DELANCO CORPORATION LIMITED,1,291,1423.681974,0.393939394,3.100204301,0,0.007659115,7,0
DEMETRA CONSULTING LTD,1,198,440.6634681,0.382352941,2.213927337,0,0.007227616,5,0
DENIX ALLIANCE LTD.,1,6133.055143,34041.35324,0.306593741,4.400893988,0.463203463,0.111363076,22,107
DENTON ENTERPRISE LTD,1,7713.053541,26865.79002,0.255184623,4.048476603,0.115384615,0.090233087,13,9
DERITEC ALLIANCE LIMITED,1,6033,25194.08636,0.281843575,2.940767951,0,0.101979889,7,0
DESIGN RATIONALE LIMITED,0,99,343.2090473,0.941176471,4.01354855,0.142857143,0.005016181,15,15
DEVORA LIMITED,1,6033,25219.50925,0.24981431,2.76278039,0,0.086457466,7,0
DI PIAZZA IMPORT EXPORT LIMITED,0,3,8.474297464,1,1.850356449,0,0.000970874,3,0
DIAMOND HANGAR LIMITED,1,1103.684211,4361.810108,0.418478261,6.656904222,0.066666667,0.013160734,21,14
DIXON CORPORATION LTD,1,26195.35367,114718.3243,0.333113239,4.804748091,0.435897436,0.118736323,27,153
DMC TECHNOLOGY LIMITED,0,3,16.94859493,1,1.850356449,0,0.000970874,3,0
DOCOBO LTD,0,200,983.0185058,0.954545455,7.403405464,0.031578947,0.006634304,20,6
DOLORES TRADE & INVEST LTD,1,370,1449.104866,0.361502347,2.508841683,0,0.010005394,6,0
DRESFOND INVEST LIMITED,1,5030,23151.78067,0.2291099,2.604685527,0,0.079795808,6,0
DUNCAN GIBBINS SOLICITORS LIMITED,0,3,8.474297464,1,1.850356449,0,0.000970874,3,0
DUNLIN INVEST LTD,1,78,364.394791,0.41509434,2.397417078,0,0.003613808,5,0
DWYER TRANSPORT LIMITED,0,6,25.42289239,1,2.292007493,0,0.001294498,4,0
DWYLOS LTD,0,36,135.5887594,1,4.500262794,0,0.002912621,9,0
DYNAMIC ESTATES LIMITED,1,728.4166667,3436.327622,0.398963731,4.889076764,0.025641026,0.011812298,13,2
EASTBRIDGE CAPITAL LIMITED,1,120,317.7861549,1,7.591819557,0,0.005177994,16,0
EASTSUCCESS INTERNATIONAL INVESTMENT COMPANY LIMITED,0,6,12.7114462,1,2.292007493,0,0.001294498,4,0
ECO KARS LTD,0,6,25.42289239,1,2.292007493,0,0.001294498,4,0
EDEN CONSULTANCY SOLUTIONS LTD,0,3,8.474297464,1,1.850356449,0,0.000970874,3,0
EFRAIMIZA LIMITED,0,3,8.474297464,1,1.850356449,0,0.000970874,3,0
EIG DEVELOPMENT LTD.,1,2097.001654,8614.88601,0.272555375,3.110236994,0.65497076,0.097401372,19,112
ELMINGTON LIMITED,1,1283.685147,6955.774294,0.281529018,1.083939272,0.333333333,0.101440515,4,2
ENGDAL HOLDINGS LIMITED,0,21,25.42289239,1,3.616960675,0,0.002265372,7,0
ENRC AFRICA HOLDINGS LIMITED,1,676.2703505,3451.403153,0.467948718,3.278749134,0.415384615,0.01407767,26,135
ENTLEY VENTURES LTD.,1,1089.568881,2266.654761,0.272481772,2.867677814,0.732026144,0.097239559,18,112
EPSILON COMMERCIAL LTD.,1,5018.583333,18868.0233,0.191679331,2.073626635,0.2,0.068872965,6,3
ERWA LIMITED,1,5029,23126.35778,0.204499392,2.036459434,0,0.07064802,5,0
EURO TELECOM LTD,1,7035,31528.62371,0.191642925,3.46324121,0,0.069115683,8,0
EUROPACK DISTRIBUTION LIMITED,1,4047.705759,20857.24353,0.306221548,3.813610969,0.563157895,0.110931577,20,107
EUROSTATE CORPORATION LIMITED,1,8036.554545,33561.76175,0.239156198,4.068727477,0.216666667,0.086443212,16,26
EXECUTIVE HIRE SOLUTIONS LTD,0,6,38.13433859,1,2.292007493,0,0.001294498,4,0
EXIM MANAGEMENT LTD,1,1509,3112.185744,0.281607591,1.36390434,0.333333333,0.101494452,4,2
FAIRLESS AUTOMATION LTD,0,3,16.94859493,1,1.850356449,0,0.000970874,3,0
FAMILY TIES LTD,0,3,8.474297464,1,1.850356449,0,0.000970874,3,0
FARMONT BAKER STREET LIMITED,1,773.4166667,4258.334476,0.403141361,2.980266803,0.217948718,0.011893204,13,17
FCG DEVELOPMENT LTD.,1,15,63.55723098,1,3.175309637,0,0.001941748,6,0
FINANCIAL INVESTMENTS CORPORATION LIMITED,1,94,538.117889,0.4,2.38940662,0,0.004045307,5,0
FINANCIAL QUALITY SOLUTIONS LIMITED,0,55,127.114462,1,5.383562947,0,0.003559871,11,0
FINEBERG LIMITED,1,15,63.55723098,1,3.175309637,0,0.001941748,6,0
FINESSE EXECUTIVE LIMITED,1,1035,3898.176833,0.398963731,6.906049804,0,0.012162891,16,0
FINPRO SYSTEMS LIMITED,1,84,245.7546265,0.516129032,3.837785417,0,0.003505933,8,0
FIRST LEADER TRADING LIMITED,1,3021,14745.27759,0.139770051,1.777972939,0,0.049090325,4,0
FITZGERALD CONSULTING LIMITED,0,190,724.5524332,1,9.358426556,0,0.006472492,20,0
FLANAGAN FLANAGAN & ASSOCIATES LTD,0,3,8.474297464,1,1.850356449,0,0.000970874,3,0
FORDEX LIMITED,1,3911.799837,21159.83831,0.306128641,3.792557499,0.563157895,0.110877639,20,107
FORTRESS ALLIANCE LIMITED,1,6033,25194.08636,0.281843575,2.940767951,0,0.101979889,7,0
FORTSON CONSTRUCTION LTD.,1,1352.736636,8176.247276,0.300208271,1.785975611,0.642857143,0.106470951,8,18
FRANK ROBERT THORBJOERNSEN LIMITED,0,63.1916847,185.1825065,0.7,2.641737761,0.378787879,0.005339806,12,25
FRUZEX LTD,1,4176.475387,22021.07607,0.281922325,2.171064591,0.095238095,0.102033826,7,2
FULL SPECTRUM INNOVATION LTD,0,15,42.37148732,1,3.175309637,0,0.001941748,6,0
G FORD CONSTRUCTION MANAGEMENT LIMITED,0,3,8.474297464,1,1.850356449,0,0.000970874,3,0
GABRIEL CONSULTING LTD,0,6,12.7114462,1,2.292007493,0,0.001294498,4,0
GALLAPLAST UK LTD,1,8035,37795.36669,0.282158837,3.348652865,0,0.102276545,8,0
GEBA INDUSTRIES LTD,1,8346.387839,44297.44947,0.221223416,3.9895123,0.072727273,0.078847665,11,4
GEM ACTUARIAL SERVICES LIMITED,0,3,8.474297464,1,1.850356449,0,0.000970874,3,0
GERCO HOLDINGS LTD,0,21,127.114462,1,3.616960675,0,0.002265372,7,0
GLOBAL TOUCH LTD,0,6,25.42289239,1,2.292007493,0,0.001294498,4,0
GLOBAL WORLD TRADE LTD,1,3023.414918,14754.27412,0.136461996,2.51070393,0.305555556,0.048818957,9,11
GLOBAL YIELD FINTECH LIMITED,0,20,72.03152844,0.875,3.083897995,0,0.00210356,6,0
GOLDMILE CONTRACTS LIMITED,1,9780.023286,43934.49228,0.309794289,5.579320836,0.366995074,0.113952073,29,149
GPP HOLDINGS LTD,0,15,42.37148732,1,3.175309637,0,0.001941748,6,0
GRAYS (UK) LIMITED,0,21,152.5373544,1,3.616960675,0,0.002265372,7,0
GREAT EXTENIONS LTD,0,15,63.55723098,1,3.175309637,0,0.001941748,6,0
GREENFIELD INDUSTRIES LIMITED,1,5030,23130.59493,0.281686209,2.503598688,0,0.101764139,6,0
GRIDEN DEVELOPMENTS LIMITED,1,4026,16829.95476,0.281529018,2.067964313,0,0.10154839,5,0
GTL TERMINALS LIMITED,0,258,1207.587389,0.903225806,4.177809712,0.26,0.008576052,25,78
GUSTO MDA LIMITED,0,10,50.84578478,1,2.733658578,0,0.001618123,5,0
HANDECO LIMITED,1,11033,44007.02673,0.282633053,5.137215229,0,0.103058638,12,0
HARJIT SINGH LTD,0,10,16.94859493,1,2.733658578,0,0.001618123,5,0
HARKNESS SCREENS (UK) LIMITED,1,27655,103361.0062,0.285350679,2.830830705,0.470769231,0.106321852,26,153
HATTONBROWN LIMITED,0,10,33.89718986,1,2.733658578,0,0.001618123,5,0
HAYKAT LIMITED,0,6,12.7114462,1,2.292007493,0,0.001294498,4,0
HEMPSTED MOTOR CENTRE LIMITED,0,45,152.5373544,1,4.941912148,0,0.003236246,10,0
HENRY DYSON FINE ART LIMITED,0,28,118.6401645,1,4.058611758,0,0.002588997,8,0
HERMIVEROUS LIMITED,0,6,25.42289239,1,2.292007493,0,0.001294498,4,0
HESSOND SOLUTION LIMITED,1,2015,4160.880055,0.228798186,1.284637114,0,0.079148559,3,0
HGCAPITAL 8 NOMINEES LIMITED,0,36,203.3831391,1,4.500262794,0,0.002912621,9,0
HIGAN LIMITED,1,6,12.7114462,1,2.292007493,0,0.001294498,4,0
HIGHROCK OIL LIMITED,1,135.5,637.6908842,0.714285714,5.144775429,0.03030303,0.005177994,12,2
HIGHROCK TEXTILES LIMITED,1,124.5,480.9163811,0.689655172,4.708937346,0.036363636,0.005016181,11,2
HIPPYCHICK LIMITED,1,11033,48231.46402,0.282633053,5.137215229,0,0.103058638,12,0
HOFFNAR LIMITED,0,6,12.7114462,1,2.292007493,0,0.001294498,4,0
HOPEWELL INVESTMENTS LIMITED,1,258,1029.627142,0.49122807,6.042842691,0,0.00587918,13,0
HURWITZ EXPORTS LIMITED,1,17970,75124.64702,0.283745782,4.89023688,0.098039216,0.104434042,18,15
HYROCK IMPEX LIMITED,1,5980.863329,27448.1773,0.286078821,3.669071715,0.375,0.105593697,16,45
INATOS LIMITED,1,84,309.3118574,0.516129032,3.837785417,0,0.003505933,8,0
INFOBANK24 LTD,0,26,29.66004112,0.8,3.006579574,0,0.002265372,6,0
INFOCETA LIMITED,0,10,50.84578478,1,2.733658578,0,0.001618123,5,0
INFO-MEDICAL LTD.,1,5276.957001,24512.45702,0.300565982,3.005382985,0.272727273,0.1071182,12,18
INTER SERVICE ALLIANCE LTD,1,8565.616615,39269.99611,0.250870214,3.917651767,0.022222222,0.087539297,10,1
INVEST ACTIVE FIVE LTD.,1,3021,14745.27759,0.2458577,1.466033575,0,0.084378564,4,0
INVEST CONSULTING CENTER LTD,1,1160,4881.195339,0.400990099,7.614774849,0,0.012783172,17,0
INVEST CONSULTING COMPANY LTD,1,465,2245.688828,0.364864865,3.179795397,0,0.010625674,7,0
INVEST CREATIVE FOUR LTD.,1,4026,21067.1035,0.245977572,1.886311668,0,0.084594313,5,0
INVEST INFO ONE LTD.,1,2039.346469,4216.039778,0.272040981,2.816378661,0.713235294,0.09680806,17,97
INVEST MEDIA THREE LTD.,1,16082.56083,62856.83033,0.33410596,5.207283534,0.455645161,0.12001464,32,226
INVEST RATING TWO LTD.,1,39416.3202,166647.4132,0.283825598,3.765322615,0.545454545,0.102261134,23,138
IRIS ASSETS LIMITED,1,6,25.42289239,1,2.292007493,0,0.001294498,4,0
ITEC (LONDON) LIMITED,0,3,16.94859493,1,1.850356449,0,0.000970874,3,0
JARANI LIMITED,0,43.49702381,171.3018702,0.511627907,2.195495907,0.380952381,0.004368932,7,8
JC PAINTING LIMITED,0,3,8.474297464,1,1.850356449,0,0.000970874,3,0
JENGATE LIMITED,1,16008,75251.76148,0.192300362,7.434565909,0,0.071057431,17,0
JETFOLD MANAGEMENT LIMITED,1,5685.478807,22655.31958,0.286078821,3.595280875,0.383333333,0.105593697,16,46
JET-TECH INDUSTRIES LTD.,1,4049.237087,12627.60976,0.272187753,3.324462646,0.567251462,0.097131684,19,97
JOHN COLLINS CONSULTANCY LIMITED,0,6,12.7114462,1,2.292007493,0,0.001294498,4,0
JOHN SHACKMAN LTD.,1,12028,46006.96093,0.28279148,4.630089528,0,0.1030047,11,0
JOHN T BONNER LIMITED,0,6,38.13433859,1,2.292007493,0,0.001294498,4,0
JONNY METROPOLIS T.C. LTD.,0,21,76.26867718,1,3.616960675,0,0.002265372,7,0
JUBIII LTD,0,36,135.5887594,1,4.500262794,0,0.002912621,9,0
JULIUS NIELSEN (UK) LIMITED,0,203,1067.76148,0.916666667,6.001043183,0.078947368,0.006796117,20,15
KEEP LEFT LIMITED,0,15,42.37148732,1,3.175309637,0,0.001941748,6,0
KENNETH NAERLAND LIMITED,0,76.33587662,190.4956036,0.7,2.74555187,0.348484848,0.005339806,12,23
KHYATI PARMAR LTD,0,3,8.474297464,1,1.850356449,0,0.000970874,3,0
KIDS JUMP GYM LIMITED,0,3,0,1,1.850356449,0,0.000970874,3,0
KILN REFRACTORY SERVICES LIMITED,0,36,203.3831391,1,4.500262794,0,0.002912621,9,0
KIRKLISTON MANAGEMENT LIMITED,1,23817.76138,111288.8677,0.33322325,5.064047956,0.404761905,0.118898135,28,153
KLARINGTON COMMERCIAL LIMITED,1,3021,10499.65456,0.191352171,1.70456551,0,0.068252684,4,0
KORTEX INVEST LIMITED,1,5030,18880.73475,0.281686209,2.503598688,0,0.101764139,6,0
L. H. NICHOLS LIMITED,0,78,457.6120631,1,6.266864739,0,0.00420712,13,0
LAND MULTIBYGG LTD,0,10,33.89718986,1,2.733658578,0,0.001618123,5,0
LANDSTYLES CONSTRUCTION LIMITED,0,10,33.89718986,1,2.733658578,0,0.001618123,5,0
LARDINI COMPANY LTD.,1,4124.256285,17423.4577,0.28287076,2.564150595,0.311111111,0.1030047,10,14
LEGAL BUSINESS CONSULTANTS LIMITED,1,1349,5465.921864,0.413265306,8.942091976,0,0.013430421,20,0
LERSON LTD,1,5802.293414,21940.76731,0.253326638,2.900053071,0.035714286,0.088242796,8,1
LIBERTON ASSOCIATES LIMITED,1,10035,54633.79575,0.282474804,4.697109804,0,0.102842888,11,0
LIFE SKILL PROJECT LTD,0,3,8.474297464,1,1.850356449,0,0.000970874,3,0
LINECOM TRADING LTD,1,5030,23130.59493,0.281686209,2.503598688,0,0.101764139,6,0
LNVH MANAGEMENT LTD,0,6,25.42289239,1,2.292007493,0,0.001294498,4,0
LOGIVENTURE LIMITED,0,3,16.94859493,1,1.850356449,0,0.000970874,3,0
LONDON CARS KENT LTD,0,6,0,1,2.292007493,0,0.001294498,4,0
LOPAK LTD,0,10,16.94859493,1,2.733658578,0,0.001618123,5,0
LOUW AND COMPANY LTD,0,45,190.6716929,1,4.941912148,0,0.003236246,10,0
LSHB LIMITED,0,55,42.37148732,1,5.383562947,0,0.003559871,11,0
LUCKING ACCOUNTANCY LIMITED,0,21,127.114462,1,3.616960675,0,0.002265372,7,0
M.T.M COMPANY CENTER LTD.,0,3,16.94859493,1,1.850356449,0,0.000970874,3,0
MADE BY MANY HOLDINGS LIMITED,0,45,228.8060315,1,4.941912148,0,0.003236246,10,0
MAGNOLIA FUNDACTION UK LIMITED,1,750,3038.035641,0.475247525,9.575765374,0,0.009762675,21,0
MALVIN COMMODITIES LTD.,1,118.8216906,456.9024927,0.4,2.037259471,0.266666667,0.007659115,6,4
MAMA KITCHEN LIMITED,0,3,8.474297464,1,1.850356449,0,0.000970874,3,0
MANITOBA MANAGEMENT LTD,1,14194.3103,63153.52336,0.317295597,4.082881104,0.515151515,0.114620897,22,119
MANSONS GROUP LTD,0,10,33.89718986,1,2.733658578,0,0.001618123,5,0
MARIUS LTD,0,10,67.79437971,1,2.733658578,0,0.001618123,5,0
MARTA ROSS TRADING LTD.,1,3043.054722,10548.99572,0.272114347,3.067157515,0.633986928,0.096969872,18,97
MATTIOLA BUSINESS LTD,1,78,364.394791,0.41509434,2.397417078,0,0.003613808,5,0
MAXINOS HOLDING LIMITED,0,3,0,1,1.850356449,0,0.000970874,3,0
MAXPOWER INVEST LIMITED,1,94,377.1062371,0.4,2.38940662,0,0.004045307,5,0
MEDICOBOOSTER LIMITED,0,10,33.89718986,1,2.733658578,0,0.001618123,5,0
MEDITON LIMITED,1,185.8508316,755.6856293,0.426229508,2.841866132,0.25,0.008414239,9,9
MENSOR LIMITED,1,9036,27189.78341,0.282316732,4.25729846,0,0.102627138,10,0
MERIDA ASSETS LTD,1,3021,14757.98903,0.191352171,1.70456551,0,0.068252684,4,0
MERS-E-LEC LTD,0,36,203.3831391,1,4.500262794,0,0.002912621,9,0
MICHAEL MCNEILL LIMITED,0,10,16.94859493,1,2.733658578,0,0.001618123,5,0
MILAGRO FOOD INDUSTRIES LTD,1,17991,75124.64702,0.283745782,8.222409795,0,0.104568886,19,0
MILBERTON LTD,1,3021,6228.608636,0.281372002,1.634753863,0,0.10133264,4,0
MILIMEX TRADE CO. LIMITED,1,11033,44007.02673,0.250185966,4.918699427,0,0.08742834,12,0
MILLIONS OF SEEDS LIMITED,0,6,25.42289239,1,2.292007493,0,0.001294498,4,0
MILOKS LTD,1,2349.333333,9114.106923,0.281607591,1.725174613,0.2,0.101602327,5,2
MINIMAL TECHNOLOGY LIMITED,1,136,406.7662783,1,8.033472472,0,0.005501618,17,0
MIRABAX INVESTMENTS LIMITED,1,10023.5,37651.30363,0.283506603,4.990587749,0.038461538,0.103759824,13,3
MODERN HOMELOANS LIMITED,0,36,67.79437971,1,4.500262794,0,0.002912621,9,0
MODERN STANDARD COFFEE LIMITED,0,65,322.0233036,0.923076923,5.309531645,0,0.003721683,11,0
MORMONT SERVICES LIMITED,0,103,279.6518163,0.782608696,4.858072684,0.064102564,0.005016181,13,5
MOTIVE COMPONENTS LIMITED,1,11033,44007.02673,0.282633053,5.137215229,0,0.103058638,12,0
MP TECHNOLOGY SOLUTIONS LIMITED,0,3,8.474297464,1,1.850356449,0,0.000970874,3,0
MR CHIPS (CARLISLE) LIMITED,0,55,211.8574366,1,5.383562947,0,0.003559871,11,0
MULTIGOLD PRODUCTION LIMITED,1,4026,12558.90884,0.229005901,2.163795081,0,0.079580059,5,0
MURAL HOLDINGS LIMITED,0,6,25.42289239,1,2.292007493,0,0.001294498,4,0
MYKY JASMINE CLEANING SERVICES LTD,0,3,8.474297464,1,1.850356449,0,0.000970874,3,0
NAS ENGINEERING FYLDE LIMITED,0,6,12.7114462,1,2.292007493,0,0.001294498,4,0
NASIRAS BROWBAR LTD,0,3,8.474297464,1,1.850356449,0,0.000970874,3,0
NAVIMAX VENTURES LIMITED,1,4338.883206,13201.58379,0.284867307,3.018854065,0.371794872,0.104461011,13,29
NEDOX LIMITED,1,117.1333333,477.1735664,0.403100775,2.273741371,0.285714286,0.007820928,7,6
NETWORK TELECOMMUNICATIONS LIMITED,0,6,12.7114462,1,2.292007493,0,0.001294498,4,0
NILSON MANAGEMENT LTD,1,3021,6241.320082,0.191352171,1.70456551,0,0.068252684,4,0
NMK SOLUTIONS LTD,0,3,8.474297464,1,1.850356449,0,0.000970874,3,0
NOMINEE CO. SECRETARIES LIMITED,1,314,660.9952022,0.35840708,2.287126242,0,0.010194175,5,0
NOMIREX TRADING LIMITED,1,4026,25321.20082,0.139808785,2.222275887,0,0.049306075,5,0
NORDIC ASSETS LTD,0,36,101.6915696,1,4.500262794,0,0.002912621,9,0
NORMAX LIMITED,1,6284.533148,20759.9869,0.307340847,4.911272439,0.396666667,0.1121182,25,119
NORTHERN PRODUCTION MANAGEMENT LIMITED,0,6,12.7114462,1,2.292007493,0,0.001294498,4,0
NOVLAND LTD,1,10494.89489,46436.53296,0.235088537,3.687391636,0.072727273,0.085149869,11,4
NUTZEN LIMITED,1,3021,10486.94311,0.156993932,1.706565562,0,0.054523634,4,0
O&G TERMINALS LTD,0,3,16.94859493,1,1.850356449,0,0.000970874,3,0
OBJECTIVE SECURITY LTD,0,10,16.94859493,1,2.733658578,0,0.001618123,5,0
ODBODY LIMITED,0,45,190.6716929,1,4.941912148,0,0.003236246,10,0
OFFWIND DEVELOPMENT LTD.,0,6,12.7114462,1,2.292007493,0,0.001294498,4,0
ONE DELTA LIMITED,0,28,88.98012337,1,4.058611758,0,0.002588997,8,0
ONEBIZ LTD,0,6,12.7114462,1,2.292007493,0,0.001294498,4,0
ONYX FINANCIAL ADVISORS (UK) LIMITED,1,40,211.8574366,0.916666667,2.636020409,0.222222222,0.003398058,10,10
OPTIMAL FLEET SOLUTIONS LIMITED,0,10,33.89718986,1,2.733658578,0,0.001618123,5,0
OPTIMUM NUTRITION EMEA LIMITED,1,24822,122411.2269,0.284867307,4.583887108,0.199275362,0.105809447,24,55
ORANGETEK LIMITED,0,10,0,1,2.733658578,0,0.001618123,5,0
OSCAR & ERNFRED LTD,0,6,12.7114462,1,2.292007493,0,0.001294498,4,0
OSTRYN BUSINESS LIMITED,1,12559.78729,48060.35896,0.250745527,3.209150123,0.083333333,0.086714055,9,3
OVATECH LTD,0,6,38.13433859,1,2.292007493,0,0.001294498,4,0
PACE GLOBAL ENERGY LIMITED,1,7035,23045.85195,0.220401922,3.256603551,0,0.077943828,8,0
PANALLY LTD.,1,10787.58333,48838.78867,0.192851682,3.676795463,0.145454545,0.070712231,11,8
PARAMOUNT TRAINING GROUP LIMITED,0,45,152.5373544,1,4.941912148,0,0.003236246,10,0
PARKVIEW ESTATES MANAGEMENT LIMITED,1,573.1666667,2927.869774,0.418478261,3.365259523,0.088888889,0.011947141,10,4
PARWICK COMMERCE LIMITED,1,3340.410962,15981.45385,0.306314511,3.576930171,0.625730994,0.110877639,19,107
PEMBERTON RANK LTD,0,15,21.18574366,1,3.175309637,0,0.001941748,6,0
PENCOL PROJECTS LTD,0,5015.50272,21684.3173,0.157533177,2.439271403,0.361111111,0.056168726,9,13
PERFECT PARTNER LTD,1,198,838.9554489,0.382352941,2.213927337,0,0.007227616,5,0
POMPOLO LIMITED,1,3,8.474297464,1,1.850356449,0,0.000970874,3,0
POWER ENTERPRISES LTD.,1,2828.944515,11679.59327,0.312577447,2.057123151,0.563636364,0.109539991,11,31
PRITCAST LIMITED,1,10035,33448.05209,0.282474804,4.697109804,0,0.102842888,11,0
PRODROMOS LIMITED,1,7035,23045.85195,0.282001118,3.378962591,0,0.102195639,8,0
PROJECT BUILDERS (LONDON) LIMITED,0,28,148.3002056,1,4.058611758,0,0.002588997,8,0
PRONADE LTD,1,2683.666667,5533.716244,0.281607591,1.725174591,0.2,0.101602327,5,2
PROSPERO TRADE LTD.,1,2015,4152.405757,0.281215162,1.205622195,0,0.10111689,3,0
PROVAN TRADING LIMITED,1,287,1330.464702,0.528301887,6.932541244,0,0.00631068,15,0
PR-VERT SYSTEM LIMITED,1,8036,33558.21796,0.282158837,3.817871827,0,0.102411389,9,0
QURESH PHARM LTD,0,28,59.32008225,1,4.058611758,0,0.002588997,8,0
RAGTAG TIGER LIMITED,0,28,148.3002056,1,4.058611758,0,0.002588997,8,0
RASMUSSEN TRADING LIMITED,0,10,50.84578478,1,2.733658578,0,0.001618123,5,0
REKART IMPEX LIMITED,1,19362.52242,76812.11468,0.334216628,5.519043487,0.426136364,0.120176452,33,225
REYNOSA MANAGEMENT LTD,1,3354.666667,19702.7416,0.220305677,2.023571168,0.133333333,0.077620203,6,2
RHINO-POWA HOLDINGS LIMITED,0,66,279.6518163,1,5.825213754,0,0.003883495,12,0
RICHPER CAPITAL LIMITED,1,26949.78035,111369.3665,0.282950084,3.133594825,0.666666667,0.101236323,19,114
RIDGENT TRADE LIMITED,1,7511.223775,33960.00547,0.254348374,3.863619479,0.090909091,0.089677531,12,6
RIVERA TRADE LTD,1,2015,4160.880055,0.281215162,1.205622195,0,0.10111689,3,0
RIVERLUX CAPITAL LIMITED,1,10035,37676.72653,0.282474804,4.697109804,0,0.102842888,11,0
RJP CORPORATE SERVICES LTD,0,6,38.13433859,1,2.292007493,0,0.001294498,4,0
ROLLTEX INTER LTD.,1,4915.209643,18034.98,0.315213996,2.729788994,0.504761905,0.110942364,15,53
ROSEDALE IMPEX LTD,1,2015,8423.451679,0.281215162,1.205622195,0,0.10111689,3,0
ROSHEN UK LIMITED,1,3016.290816,12447.74225,0.309509202,3.973509973,0.554112554,0.112522731,22,128
S STEBBEDS LIMITED,0,15,84.74297464,1,3.175309637,0,0.001941748,6,0
SABLOR TRADE LIMITED,1,6033,25219.50925,0.281843575,2.940767951,0,0.101979889,7,0
SALVIA ENTERPRISE LTD,1,78,292.3632625,0.41509434,2.397417078,0,0.003613808,5,0
SAMUEL BUSINESS LTD,1,6621.86153,28212.34689,0.310366041,1.967767,0.416666667,0.109604716,9,15
SANLINE INVEST LTD.,1,4272.342361,22600.30832,0.282158837,2.197772021,0.095238095,0.102195639,7,2
SATELLITE SECURE LIMITED,0,36,67.79437971,1,4.500262794,0,0.002912621,9,0
SAY ANY PRICE LIMITED,0,6,38.13433859,1,2.292007493,0,0.001294498,4,0
SAYMAMA LIMITED,0,21,101.6915696,1,3.616960675,0,0.002265372,7,0
SCALEKA LIMITED,0,66,419.4777245,1,5.825213754,0,0.003883495,12,0
SCIENCE MUSEUM LTD,0,3,8.474297464,1,1.850356449,0,0.000970874,3,0
SCKT CORPORATION LIMITED,0,6,12.7114462,1,2.292007493,0,0.001294498,4,0
SEABON LIMITED,1,6033,25219.50925,0.281843575,2.940767951,0,0.101979889,7,0
SELLARIUS LIMITED,0,10,67.79437971,1,2.733658578,0,0.001618123,5,0
SETORA LIMITED,1,3021,10499.65456,0.228901996,1.723565869,0,0.079364309,4,0
SHAMROCK CONSULTING LTD,0,3,16.94859493,1,1.850356449,0,0.000970874,3,0
SHAPE ENERGY LIMITED,0,78,355.9204935,1,6.266864739,0,0.00420712,13,0
SHOOTER UK LIMITED,0,15,84.74297464,1,3.175309637,0,0.001941748,6,0
SIVA IT NETWORK SOLUTIONS LTD,0,3,16.94859493,1,1.850356449,0,0.000970874,3,0
SMARTER MOBILE LIMITED,1,28,29.66004112,1,4.058611758,0,0.002588997,8,0
SORENTO RESOURCES LTD,1,198,838.9554489,0.382352941,2.213927337,0,0.007227616,5,0
SOURCEX LTD,0,3,16.94859493,1,1.850356449,0,0.000970874,3,0
SP4U LIMITED,0,6,12.7114462,1,2.292007493,0,0.001294498,4,0
STAGE ENTERTAINMENT LIMITED,0,36,237.280329,1,4.500262794,0,0.002912621,9,0
STAMTRADE SERVICES LIMITED,1,2015,8414.977382,0.281215162,1.205622195,0,0.10111689,3,0
STARLIGHT CONSTRUCTION LIMITED,1,36,101.6915696,1,4.500262794,0,0.002912621,9,0
STARLIKE TRADE LIMITED,1,1220.09731,7667.041605,0.284947755,1.368019562,0.4,0.102783557,5,4
STARSCHEMER LIMITED,0,6,12.7114462,1,2.292007493,0,0.001294498,4,0
STEEL INVEST GROUP LTD,1,4322.523907,22723.05103,0.300476474,2.687061466,0.327272727,0.106956388,11,18
STENFORD TECHNOLOGY LTD,0,10,33.89718986,1,2.733658578,0,0.001618123,5,0
STRAUM MASKIN & TRANSPORTJENESTER LIMITED,0,62.38791486,182.9092426,0.7,2.641737763,0.378787879,0.005339806,12,25
SUPERSTRUCT ENTERTAINMENT LIMITED,0,15,84.74297464,1,3.175309637,0,0.001941748,6,0
SUPREME BIOTECHNOLOGIES LTD,0,165,521.169294,0.95,7.293874071,0.019607843,0.005987055,18,3
SUSHINESS LIMITED,0,6,25.42289239,1,2.292007493,0,0.001294498,4,0
SYMBOL WOOD LIMITED,1,7579.144073,26098.86876,0.309509202,4.622179607,0.43083004,0.112312375,23,109
T. LLOYD BRICKWORK LIMITED,0,15,21.18574366,1,3.175309637,0,0.001941748,6,0
TAGA DUMITRU PETRE 82569 LIMITED,0,10,16.94859493,1,2.733658578,0,0.001618123,5,0
TALEFORD LIMITED,1,245,919.4612748,0.388059701,2.657167774,0,0.007443366,6,0
TAMARIN SOLUTIONS LIMITED,0,3,8.474297464,1,1.850356449,0,0.000970874,3,0
TANIGOLD ASSETS LTD,1,2015,4152.405757,0.281215162,1.205622195,0,0.10111689,3,0
TBJ INVEST LONDON LTD,0,4527,9340.79438,0.281843575,2.512259072,0.095238095,0.101979889,7,2
TECHNOMARK BUSINESS LTD.,1,8795.083333,44772.53827,0.19277799,2.93544748,0.222222222,0.070388606,9,8
TENBY SERVICES LIMITED,1,9381.632415,36986.01661,0.287956621,2.971535922,0.035714286,0.103770612,8,1
TERRALINE LTD,1,3021,14745.27759,0.281372002,1.634753863,0,0.10133264,4,0
THE TIPPING TEAM LTD,0,3,8.474297464,1,1.850356449,0,0.000970874,3,0
THE WEALTH COMPANY LIMITED,0,55,169.4859493,1,5.383562947,0,0.003559871,11,0
THERAPYX LIMITED,0,10,33.89718986,1,2.733658578,0,0.001618123,5,0
THINK BUSINESS SALES LIMITED,0,45,152.5373544,1,4.941912148,0,0.003236246,10,0
THOMAS HARTLEY LIMITED,0,6,25.42289239,1,2.292007493,0,0.001294498,4,0
THORSTEIN BB LIMITED,0,15,42.37148732,1,3.175309637,0,0.001941748,6,0
TIMEX ALLIANCE LTD.,1,3148.200762,11294.50796,0.282712244,2.284544095,0.388888889,0.102788951,9,14
TINTEL PROJECT LTD,1,6531,24077.59767,0.220691164,3.286034105,0.055555556,0.078375327,9,2
TOMDAL LIMITED,1,154,779.6353667,0.440677966,3.740387478,0,0.004692557,8,0
TOOTH ZONE LIMITED,0,3,0,1,1.850356449,0,0.000970874,3,0
TOTTENHAM MANAGEMENT LTD,1,3021,10499.65456,0.281372002,1.634753863,0,0.10133264,4,0
TRIKOR LTD,1,36134,157028.732,0.286810688,3.020857312,0.035714286,0.103367622,8,1
TRIMMS GREEN LIMITED,1,10035,29261.74914,0.220691164,4.56751727,0,0.078591077,11,0
TRINEX PROJECT LTD.,1,3148.200762,11294.50796,0.282712244,2.284544095,0.388888889,0.102788951,9,14
TRONUS LTD,0,45,152.5373544,1,4.941912148,0,0.003236246,10,0
TUSH ENTERPRISES LTD,1,111,673.7066484,0.448979592,3.300731654,0,0.004045307,7,0
TUSKER88 LIMITED,0,3,8.474297464,1,1.850356449,0,0.000970874,3,0
TYLNEY DIRECTORS LIMITED,1,853.5,3631.236463,0.385714286,5.655541467,0,0.011920173,13,0
TYLNEY SECRETARIES LIMITED,1,853.5,3385.481837,0.385714286,5.655541467,0,0.011920173,13,0
UFINDALOCAL.COM LIMITED,0,78,406.7662783,1,6.266864739,0,0.00420712,13,0
URBAN RECYCLING LIMITED,0,105,355.9204935,1,7.150168464,0,0.004854369,15,0
UXBRIDGE WAFFLES LTD,0,3,8.474297464,1,1.850356449,0,0.000970874,3,0
V SMITH COMPANY LIMITED,0,6,25.42289239,1,2.292007493,0,0.001294498,4,0
VALEMONT PROPERTIES LTD,1,9036,44083.29541,0.282316732,4.25729846,0,0.102627138,10,0
VELCONA LIMITED,1,198,1237.24743,0.382352941,2.213927337,0,0.007227616,5,0
VELION LIMITED,1,161.3333333,1009.853781,0.403100775,2.356258903,0.238095238,0.007820928,7,5
VFS EUROPE LIMITED,1,3021,10499.65456,0.281372002,1.634753863,0,0.10133264,4,0
VICTORIA INVEST LIMITED,1,154,855.9040439,0.440677966,3.740387478,0,0.004692557,8,0
VIETNAMESE DELI LTD,0,21,152.5373544,1,3.616960675,0,0.002265372,7,0
VISICOVER LTD,0,36,203.3831391,1,4.500262794,0,0.002912621,9,0
VISOR CAPITAL (UK) LTD,1,306,1021.152844,0.613636364,8.2712587,0,0.006850054,18,0
VISTELL INTERTRADE LTD.,1,1071.600381,6744.675503,0.282553906,1.670259619,0.666666667,0.102465326,7,14
VOXFORD TECHNICS LTD.,1,5981.417875,18973.18648,0.286078821,3.669071677,0.375,0.105593697,16,45
WALK WITH PATH LIMITED,1,10,33.89718986,1,2.733658578,0,0.001618123,5,0
WALL TREND LIMITED,1,5528,34759.44962,0.220642904,2.885903172,0.071428571,0.078213515,8,2
WANDI LIMITED,0,10,33.89718986,1,2.733658578,0,0.001618123,5,0
WARLORD PRODUCTIONS LTD,0,38.5,165.2488005,0.705882353,2.937714652,0.095238095,0.003074434,7,2
WEBBER ROWE LIMITED,0,10,50.84578478,1,2.733658578,0,0.001618123,5,0
WEBINVEST LTD,1,2261.765313,14223.10725,0.281686209,1.434424218,0.2,0.101656264,5,2
WESNA LTD,1,6557.935346,19745.41589,0.255120101,3.683274109,0.136363636,0.090071274,12,9
WESTBURN ENTERPRISES LIMITED,1,6033,25219.50925,0.281843575,2.940767951,0,0.101979889,7,0
WESTGAIN LIMITED,1,180,644.0466073,0.435483871,4.262473101,0,0.004908306,9,0
WESTLAKE INTERNATIONAL TRADING LIMITED,1,5030,23130.59493,0.281686209,2.503598688,0,0.101764139,6,0
WHARTON INVESTMENT ASSOCIATES LIMITED,1,23916,99861.12132,0.284706546,10.86966212,0,0.105863384,25,0
WICREATION HOLDING LTD.,0,3,16.94859493,1,1.850356449,0,0.000970874,3,0
WILSHIRE VENTURES LTD,1,6033,25194.08636,0.281843575,2.940767951,0,0.101979889,7,0
WINDON & FLANDERS LIMITED,1,29505,127266.9993,0.225979843,3.071615197,0.035714286,0.079834463,8,1
WIZERECRUIT LTD,0,3,8.474297464,1,1.850356449,0,0.000970874,3,0
WORD OF MOUTH DENTAL CARE LIMITED,0,21,127.114462,1,3.616960675,0,0.002265372,7,0
ZAA CHEMICALS LIMITED,0,10,0,1,2.733658578,0,0.001618123,5,0
ZERO FIRE LIMITED,0,6,25.42289239,1,2.292007493,0,0.001294498,4,0
